Name,ID,Number,Salary
rgbrgbrgbgrbrg,5645,5265262,9652965
rgbrgbrgbgrbrg,5645,5265262,9652965
rgbrgbrgbgrbrg,5645,5265262,9652965
rgbrgbrgbgrbrg,5645,5265262,9652965
rgbrgbrgbgrbrg,5645,5265262,9652965
rgbrgbrgbgrbrg,5645,5265262,9652965
rgbrgbrgbgrbrg,5645,5265262,9652965
rgbrgbrgbgrbrg,5645,5265262,9652965
rgbrgbrgbgrbrg,5645,5265262,9652965
rgbrgbrgbgrbrg,5645,5265262,9652965
rgbrgbrgbgrbrg,5645,5265262,9652965
rgbrgbrgbgrbrg,5645,5265262,9652965
rgbrgbrgbgrbrg,5645,5265262,9652965
rgbrgbrgbgrbrg,5645,5265262,9652965
rgbrgbrgbgrbrg,5645,5265262,9652965
rgbrgbrgbgrbrg,5645,5265262,9652965
rgbrgbrgbgrbrg,5645,5265262,9652965
rgbrgbrgbgrbrg,5645,5265262,9652965
rgbrgbrgbgrbrg,5645,5265262,9652965
